{"accuracy": 0.8000958772770853, "precision": 0.8040540540540541, "_runtime": 6, "_timestamp": 1626818345, "_step": 0}