{"accuracy": 0.7392138063279002, "precision": 0.6947148817802503, "confusion matrix": [[999, 105], [439, 543]], "recall": 0.904891304347826, "_runtime": 6, "_timestamp": 1627350955, "_step": 0}