{"accuracy": 0.7933844678811122, "precision": 0.830225711481845, "confusion matrix": [[846, 258], [173, 809]], "recall": 0.7663043478260869, "_runtime": 7, "_timestamp": 1627350474, "_step": 0}