{"accuracy": 0.7948226270373921, "precision": 0.8176691729323309, "confusion matrix": [[870, 234], [194, 788]], "recall": 0.7880434782608695, "_runtime": 10, "_timestamp": 1627348464, "_step": 0}