{"accuracy": 0.5292425695110259, "precision": 0.5292425695110259, "confusion matrix": [[1104, 0], [982, 0]], "recall": 1.0, "_runtime": 7, "_timestamp": 1627327336, "_step": 0}