{"accuracy": 0.763183125599233, "precision": 0.8870558375634517, "confusion matrix": [[699, 405], [89, 893]], "recall": 0.6331521739130435, "_runtime": 6, "_timestamp": 1627328485, "_step": 0}