{"accuracy": 0.7996164908916586, "precision": 0.8038647342995169, "_runtime": 6, "_timestamp": 1626818355, "_step": 0}