{"accuracy": 0.7953020134228188, "precision": 0.8321884200196271, "confusion matrix": [[848, 256], [171, 811]], "recall": 0.7681159420289855, "_runtime": 9, "_timestamp": 1627347395, "_step": 0}