{"accuracy": 0.7857142857142857, "precision": 0.8050139275766016, "confusion matrix": [[867, 237], [210, 772]], "recall": 0.7853260869565217, "_runtime": 15, "_timestamp": 1627347793, "_step": 0}