{"accuracy": 0.6697027804410355, "precision": 0.6660482374768089, "_runtime": 7, "_timestamp": 1626818916, "_step": 0}