{"accuracy": 0.74784276126558, "precision": 0.7461669505962522, "confusion matrix": [[876, 228], [298, 684]], "recall": 0.7934782608695652, "_runtime": 8, "_timestamp": 1627333367, "_step": 0}