{"accuracy": 0.7262703739213806, "precision": 0.7447199265381084, "confusion matrix": [[811, 293], [278, 704]], "recall": 0.7346014492753623, "_runtime": 6, "_timestamp": 1627348780, "_step": 0}