{"accuracy": 0.802013422818792, "precision": 0.8250235183443085, "confusion matrix": [[877, 227], [186, 796]], "recall": 0.7943840579710145, "_runtime": 21, "_timestamp": 1627349563, "_step": 0}