{"accuracy": 0.7799616490891659, "precision": 0.7950594693504117, "confusion matrix": [[869, 235], [224, 758]], "recall": 0.7871376811594203, "_runtime": 7, "_timestamp": 1627332848, "_step": 0}