{"accuracy": 0.7972195589645255, "precision": 0.8173345759552656, "confusion matrix": [[877, 227], [196, 786]], "recall": 0.7943840579710145, "_runtime": 33, "_timestamp": 1627348430, "_step": 0}