{"accuracy": 0.7986577181208053, "precision": 0.8250950570342205, "confusion matrix": [[868, 236], [184, 798]], "recall": 0.7862318840579711, "_runtime": 6, "_timestamp": 1627352828, "_step": 0}