{"accuracy": 0.7358581016299137, "precision": 0.6932215234102026, "confusion matrix": [[992, 112], [439, 543]], "recall": 0.8985507246376812, "_runtime": 6, "_timestamp": 1627332598, "_step": 0}