{"accuracy": 0.7861936720997124, "precision": 0.8057620817843866, "confusion matrix": [[867, 237], [209, 773]], "recall": 0.7853260869565217, "_runtime": 15, "_timestamp": 1627347714, "_step": 0}