{"accuracy": 0.7205177372962608, "precision": 0.7283085013146363, "confusion matrix": [[831, 273], [310, 672]], "recall": 0.7527173913043478, "_runtime": 6, "_timestamp": 1627352490, "_step": 0}