{"accuracy": 0.7938638542665388, "precision": 0.8278210116731517, "confusion matrix": [[851, 253], [177, 805]], "recall": 0.7708333333333334, "_runtime": 6, "_timestamp": 1627351212, "_step": 0}