{"accuracy": 0.7689357622243528, "precision": 0.8365800865800865, "confusion matrix": [[773, 331], [151, 831]], "recall": 0.7001811594202898, "_runtime": 11, "_timestamp": 1627349905, "_step": 0}