{"accuracy": 0.7871524448705657, "precision": 0.8166986564299424, "confusion matrix": [[851, 253], [191, 791]], "recall": 0.7708333333333334, "_runtime": 6, "_timestamp": 1627347981, "_step": 0}