{"accuracy": 0.7799616490891659, "precision": 0.8369905956112853, "confusion matrix": [[801, 303], [156, 826]], "recall": 0.7255434782608695, "_runtime": 7, "_timestamp": 1627350463, "_step": 0}