{"accuracy": 0.7938638542665388, "precision": 0.8161350844277674, "confusion matrix": [[870, 234], [196, 786]], "recall": 0.7880434782608695, "_runtime": 10, "_timestamp": 1627352516, "_step": 0}