{"accuracy": 0.7986577181208053, "precision": 0.8160813308687616, "confusion matrix": [[883, 221], [199, 783]], "recall": 0.7998188405797102, "_runtime": 50, "_timestamp": 1627351699, "_step": 0}