{"accuracy": 0.7195589645254075, "precision": 0.7290379523389232, "confusion matrix": [[826, 278], [307, 675]], "recall": 0.7481884057971014, "_runtime": 6, "_timestamp": 1627348657, "_step": 0}