{"accuracy": 0.7900287631831256, "precision": 0.8251953125, "confusion matrix": [[845, 259], [179, 803]], "recall": 0.7653985507246377, "_runtime": 13, "_timestamp": 1627350626, "_step": 0}