{"accuracy": 0.8010546500479386, "precision": 0.8302972195589645, "confusion matrix": [[866, 238], [177, 805]], "recall": 0.7844202898550725, "_runtime": 16, "_timestamp": 1627351263, "_step": 0}