{"accuracy": 0.6788111217641419, "precision": 0.8359133126934984, "confusion matrix": [[540, 564], [106, 876]], "recall": 0.4891304347826087, "_runtime": 7, "_timestamp": 1627327779, "_step": 0}