{"accuracy": 0.7967401725790988, "precision": 0.8262955854126679, "confusion matrix": [[861, 243], [181, 801]], "recall": 0.779891304347826, "_runtime": 7, "_timestamp": 1627348115, "_step": 0}