{"accuracy": 0.7780441035474592, "precision": 0.7964847363552267, "confusion matrix": [[861, 243], [220, 762]], "recall": 0.779891304347826, "_runtime": 21, "_timestamp": 1627351004, "_step": 0}