{"accuracy": 0.5019175455417066, "precision": 0.5019175455417066, "_runtime": 8, "_timestamp": 1626817394, "_step": 0}