{"accuracy": 0.774209012464046, "precision": 0.7813333333333333, "confusion matrix": [[879, 225], [246, 736]], "recall": 0.7961956521739131, "_runtime": 6, "_timestamp": 1627332918, "_step": 0}