{"accuracy": 0.5071907957813998, "precision": 0.5045827303424988, "_runtime": 7, "_timestamp": 1626817330, "_step": 0}