{"accuracy": 0.6840843720038351, "precision": 0.6809701492537313, "_runtime": 7, "_timestamp": 1626818283, "_step": 0}