{"accuracy": 0.7665388302972196, "precision": 0.8257655755015839, "confusion matrix": [[782, 322], [165, 817]], "recall": 0.7083333333333334, "_runtime": 10, "_timestamp": 1627347015, "_step": 0}