{"accuracy": 0.7804410354745925, "precision": 0.796875, "confusion matrix": [[867, 237], [221, 761]], "recall": 0.7853260869565217, "_runtime": 37, "_timestamp": 1627350946, "_step": 0}