{"accuracy": 0.7660594439117929, "precision": 0.8248945147679325, "confusion matrix": [[782, 322], [166, 816]], "recall": 0.7083333333333334, "_runtime": 11, "_timestamp": 1627346959, "_step": 0}