{"accuracy": 0.7938638542665388, "precision": 0.8336633663366336, "confusion matrix": [[842, 262], [168, 814]], "recall": 0.7626811594202898, "_runtime": 7, "_timestamp": 1627351284, "_step": 0}