{"accuracy": 0.7195589645254075, "precision": 0.6798336798336798, "confusion matrix": [[981, 123], [462, 520]], "recall": 0.8885869565217391, "_runtime": 6, "_timestamp": 1627347292, "_step": 0}