{"accuracy": 0.6984659635666347, "precision": 0.7837514934289128, "confusion matrix": [[656, 448], [181, 801]], "recall": 0.5942028985507246, "_runtime": 6, "_timestamp": 1627351461, "_step": 0}