{"accuracy": 0.7171620325982742, "precision": 0.7238001958863859, "_runtime": 7, "_timestamp": 1626818105, "_step": 0}