{"accuracy": 0.775647171620326, "precision": 0.7819148936170213, "confusion matrix": [[882, 222], [246, 736]], "recall": 0.7989130434782609, "_runtime": 7, "_timestamp": 1627352243, "_step": 0}