{"accuracy": 0.7281879194630873, "precision": 0.7650542941757157, "confusion matrix": [[775, 329], [238, 744]], "recall": 0.7019927536231884, "_runtime": 6, "_timestamp": 1627347910, "_step": 0}