{"accuracy": 0.7540747842761265, "precision": 0.7822410147991543, "_runtime": 7, "_timestamp": 1626818074, "_step": 0}