{"accuracy": 0.7396931927133269, "precision": 0.7304847986852917, "confusion matrix": [[889, 215], [328, 654]], "recall": 0.8052536231884058, "_runtime": 8, "_timestamp": 1627333294, "_step": 0}