{"accuracy": 0.8029721955896453, "precision": 0.8322147651006712, "confusion matrix": [[868, 236], [175, 807]], "recall": 0.7862318840579711, "_runtime": 7, "_timestamp": 1627352700, "_step": 0}