{"accuracy": 0.800575263662512, "precision": 0.8282442748091603, "confusion matrix": [[868, 236], [180, 802]], "recall": 0.7862318840579711, "_runtime": 10, "_timestamp": 1627349332, "_step": 0}