{"accuracy": 0.8000958772770853, "precision": 0.8225352112676056, "confusion matrix": [[876, 228], [189, 793]], "recall": 0.7934782608695652, "_runtime": 22, "_timestamp": 1627349467, "_step": 0}