{"accuracy": 0.6898370086289549, "precision": 0.638121546961326, "_runtime": 7, "_timestamp": 1626817950, "_step": 0}