{"accuracy": 0.7842761265580057, "precision": 0.8039033457249071, "confusion matrix": [[865, 239], [211, 771]], "recall": 0.7835144927536232, "_runtime": 23, "_timestamp": 1627347900, "_step": 0}