{"accuracy": 0.7919463087248322, "precision": 0.8166351606805293, "confusion matrix": [[864, 240], [194, 788]], "recall": 0.782608695652174, "_runtime": 32, "_timestamp": 1627349160, "_step": 0}