{"accuracy": 0.7526366251198466, "precision": 0.7653429602888087, "confusion matrix": [[848, 256], [260, 722]], "recall": 0.7681159420289855, "_runtime": 6, "_timestamp": 1627332708, "_step": 0}