{"accuracy": 0.700862895493768, "precision": 0.7843601895734598, "confusion matrix": [[662, 442], [182, 800]], "recall": 0.5996376811594203, "_runtime": 7, "_timestamp": 1627351584, "_step": 0}