{"accuracy": 0.785234899328859, "precision": 0.8162618796198522, "_runtime": 7, "_timestamp": 1626818665, "_step": 0}