{"accuracy": 0.7909875359539789, "precision": 0.8255360623781677, "confusion matrix": [[847, 257], [179, 803]], "recall": 0.7672101449275363, "_runtime": 17, "_timestamp": 1627350507, "_step": 0}