{"accuracy": 0.6706615532118888, "precision": 0.6666666666666666, "_runtime": 6, "_timestamp": 1626818715, "_step": 0}