{"accuracy": 0.8039309683604986, "precision": 0.8300094966761633, "confusion matrix": [[874, 230], [179, 803]], "recall": 0.7916666666666666, "_runtime": 7, "_timestamp": 1627348053, "_step": 0}