{"accuracy": 0.7766059443911792, "precision": 0.7953703703703704, "confusion matrix": [[859, 245], [221, 761]], "recall": 0.7780797101449275, "_runtime": 6, "_timestamp": 1627350867, "_step": 0}