{"accuracy": 0.7914669223394055, "precision": 0.8152686145146089, "confusion matrix": [[865, 239], [196, 786]], "recall": 0.7835144927536232, "_runtime": 26, "_timestamp": 1627351764, "_step": 0}