{"accuracy": 0.7794822627037392, "precision": 0.7959558823529411, "confusion matrix": [[866, 238], [222, 760]], "recall": 0.7844202898550725, "_runtime": 22, "_timestamp": 1627350906, "_step": 0}