{"accuracy": 0.7861936720997124, "precision": 0.8074766355140187, "confusion matrix": [[864, 240], [206, 776]], "recall": 0.782608695652174, "_runtime": 9, "_timestamp": 1627347853, "_step": 0}