{"accuracy": 0.7799616490891659, "precision": 0.798887859128823, "confusion matrix": [[862, 242], [217, 765]], "recall": 0.7807971014492754, "_runtime": 6, "_timestamp": 1627347683, "_step": 0}