{"accuracy": 0.7061361457334612, "precision": 0.7305164319248826, "confusion matrix": [[778, 326], [287, 695]], "recall": 0.7047101449275363, "_runtime": 6, "_timestamp": 1627348532, "_step": 0}