{"accuracy": 0.6836049856184084, "precision": 0.6810102899906455, "_runtime": 6, "_timestamp": 1626818198, "_step": 0}