{"accuracy": 0.800575263662512, "precision": 0.8326885880077369, "confusion matrix": [[861, 243], [173, 809]], "recall": 0.779891304347826, "_runtime": 7, "_timestamp": 1627349380, "_step": 0}