{"accuracy": 0.7799616490891659, "precision": 0.7716933445661331, "confusion matrix": [[916, 188], [271, 711]], "recall": 0.8297101449275363, "_runtime": 7, "_timestamp": 1627332838, "_step": 0}