{"accuracy": 0.8096836049856184, "precision": 0.833805476864967, "confusion matrix": [[883, 221], [176, 806]], "recall": 0.7998188405797102, "_runtime": 10, "_timestamp": 1627349207, "_step": 0}