{"accuracy": 0.7684563758389261, "precision": 0.822429906542056, "confusion matrix": [[792, 312], [171, 811]], "recall": 0.717391304347826, "_runtime": 6, "_timestamp": 1627347545, "_step": 0}