{"accuracy": 0.6792905081495686, "precision": 0.8260869565217391, "confusion matrix": [[551, 553], [116, 866]], "recall": 0.4990942028985507, "_runtime": 7, "_timestamp": 1627327820, "_step": 0}