{"accuracy": 0.7976989453499521, "precision": 0.8169144981412639, "confusion matrix": [[879, 225], [197, 785]], "recall": 0.7961956521739131, "_runtime": 30, "_timestamp": 1627352421, "_step": 0}