{"accuracy": 0.8077660594439118, "precision": 0.8325449385052034, "confusion matrix": [[880, 224], [177, 805]], "recall": 0.7971014492753623, "_runtime": 18, "_timestamp": 1627352669, "_step": 0}