{"accuracy": 0.7981783317353787, "precision": 0.8147465437788018, "confusion matrix": [[884, 220], [201, 781]], "recall": 0.8007246376811594, "_runtime": 11, "_timestamp": 1627351489, "_step": 0}