{"accuracy": 0.7651006711409396, "precision": 0.7885338345864662, "confusion matrix": [[839, 265], [225, 757]], "recall": 0.759963768115942, "_runtime": 6, "_timestamp": 1627350233, "_step": 0}