{"accuracy": 0.7953020134228188, "precision": 0.8108356290174472, "confusion matrix": [[883, 221], [206, 776]], "recall": 0.7998188405797102, "_runtime": 9, "_timestamp": 1627348274, "_step": 0}