{"accuracy": 0.6160115052732502, "precision": 0.6478048780487805, "confusion matrix": [[664, 440], [361, 621]], "recall": 0.6014492753623188, "_runtime": 6, "_timestamp": 1627328259, "_step": 0}