{"accuracy": 0.7943432406519655, "precision": 0.813953488372093, "confusion matrix": [[875, 229], [200, 782]], "recall": 0.792572463768116, "_runtime": 10, "_timestamp": 1627349637, "_step": 0}