{"accuracy": 0.7857142857142857, "precision": 0.8055813953488372, "confusion matrix": [[866, 238], [209, 773]], "recall": 0.7844202898550725, "_runtime": 15, "_timestamp": 1627347636, "_step": 0}