{"accuracy": 0.7176414189837008, "precision": 0.766287487073423, "confusion matrix": [[741, 363], [226, 756]], "recall": 0.6711956521739131, "_runtime": 6, "_timestamp": 1627348153, "_step": 0}