{"accuracy": 0.7962607861936721, "precision": 0.8111824014665444, "confusion matrix": [[885, 219], [206, 776]], "recall": 0.8016304347826086, "_runtime": 28, "_timestamp": 1627351646, "_step": 0}