{"accuracy": 0.7780441035474592, "precision": 0.7784535186794093, "confusion matrix": [[896, 208], [255, 727]], "recall": 0.8115942028985508, "_runtime": 7, "_timestamp": 1627348791, "_step": 0}