{"accuracy": 0.7037392138063279, "precision": 0.7279549718574109, "confusion matrix": [[776, 328], [290, 692]], "recall": 0.7028985507246377, "_runtime": 6, "_timestamp": 1627348091, "_step": 0}