{"accuracy": 0.8096836049856184, "precision": 0.8369876072449952, "confusion matrix": [[878, 226], [171, 811]], "recall": 0.7952898550724637, "_runtime": 13, "_timestamp": 1627351933, "_step": 0}