{"accuracy": 0.799137104506232, "precision": 0.8271251193887297, "confusion matrix": [[866, 238], [181, 801]], "recall": 0.7844202898550725, "_runtime": 13, "_timestamp": 1627347961, "_step": 0}