{"accuracy": 0.7785234899328859, "precision": 0.7767241379310345, "confusion matrix": [[901, 203], [259, 723]], "recall": 0.8161231884057971, "_runtime": 7, "_timestamp": 1627352895, "_step": 0}