{"accuracy": 0.7823585810162992, "precision": 0.8009259259259259, "confusion matrix": [[865, 239], [215, 767]], "recall": 0.7835144927536232, "_runtime": 6, "_timestamp": 1627347839, "_step": 0}