{"accuracy": 0.785234899328859, "precision": 0.8059701492537313, "confusion matrix": [[864, 240], [208, 774]], "recall": 0.782608695652174, "_runtime": 7, "_timestamp": 1627348451, "_step": 0}