{"accuracy": 0.7919463087248322, "precision": 0.8277886497064579, "confusion matrix": [[846, 258], [176, 806]], "recall": 0.7663043478260869, "_runtime": 9, "_timestamp": 1627347510, "_step": 0}