{"accuracy": 0.5378715244487057, "precision": 0.5208020050125314, "_runtime": 7, "_timestamp": 1626817725, "_step": 0}