{"accuracy": 0.6797698945349953, "precision": 0.7970027247956403, "confusion matrix": [[585, 519], [149, 833]], "recall": 0.529891304347826, "_runtime": 6, "_timestamp": 1627350588, "_step": 0}