{"accuracy": 0.783796740172579, "precision": 0.7976298997265269, "confusion matrix": [[875, 229], [222, 760]], "recall": 0.792572463768116, "_runtime": 7, "_timestamp": 1627348667, "_step": 0}