{"accuracy": 0.7929050814956855, "precision": 0.8326732673267326, "confusion matrix": [[841, 263], [169, 813]], "recall": 0.7617753623188406, "_runtime": 7, "_timestamp": 1627347556, "_step": 0}