{"accuracy": 0.5316395014381592, "precision": 0.5305141758769822, "confusion matrix": [[1104, 0], [977, 5]], "recall": 1.0, "_runtime": 7, "_timestamp": 1627329969, "_step": 0}