{"accuracy": 0.789549376797699, "precision": 0.810838445807771, "_runtime": 6, "_timestamp": 1626818146, "_step": 0}