{"accuracy": 0.7943432406519655, "precision": 0.7877094972067039, "_runtime": 7, "_timestamp": 1626818696, "_step": 0}