{"accuracy": 0.8044103547459253, "precision": 0.8320610687022901, "confusion matrix": [[872, 232], [176, 806]], "recall": 0.7898550724637681, "_runtime": 17, "_timestamp": 1627351192, "_step": 0}