{"accuracy": 0.7938638542665388, "precision": 0.8215648854961832, "confusion matrix": [[861, 243], [187, 795]], "recall": 0.779891304347826, "_runtime": 11, "_timestamp": 1627351311, "_step": 0}