{"accuracy": 0.7785234899328859, "precision": 0.8550884955752213, "confusion matrix": [[773, 331], [131, 851]], "recall": 0.7001811594202898, "_runtime": 7, "_timestamp": 1627328587, "_step": 0}