{"accuracy": 0.799137104506232, "precision": 0.8302796528447445, "confusion matrix": [[861, 243], [176, 806]], "recall": 0.779891304347826, "_runtime": 7, "_timestamp": 1627351296, "_step": 0}