{"accuracy": 0.7972195589645255, "precision": 0.8149861239592969, "confusion matrix": [[881, 223], [200, 782]], "recall": 0.7980072463768116, "_runtime": 11, "_timestamp": 1627351615, "_step": 0}