{"accuracy": 0.775647171620326, "precision": 0.8213096559378469, "_runtime": 6, "_timestamp": 1626818304, "_step": 0}