{"accuracy": 0.8058485139022051, "precision": 0.830028328611898, "confusion matrix": [[879, 225], [180, 802]], "recall": 0.7961956521739131, "_runtime": 12, "_timestamp": 1627352648, "_step": 0}