{"accuracy": 0.7885906040268457, "precision": 0.8478488982161595, "confusion matrix": [[808, 296], [145, 837]], "recall": 0.7318840579710145, "_runtime": 7, "_timestamp": 1627328158, "_step": 0}