{"accuracy": 0.7238734419942474, "precision": 0.7471910112359551, "confusion matrix": [[798, 306], [270, 712]], "recall": 0.7228260869565217, "_runtime": 6, "_timestamp": 1627352362, "_step": 0}