{"accuracy": 0.7646212847555129, "precision": 0.8582474226804123, "_runtime": 6, "_timestamp": 1626818229, "_step": 0}