{"accuracy": 0.7737296260786194, "precision": 0.8021032504780115, "confusion matrix": [[839, 265], [207, 775]], "recall": 0.759963768115942, "_runtime": 17, "_timestamp": 1627332991, "_step": 0}