{"accuracy": 0.7660594439117929, "precision": 0.8362445414847162, "confusion matrix": [[766, 338], [150, 832]], "recall": 0.6938405797101449, "_runtime": 12, "_timestamp": 1627349979, "_step": 0}