{"accuracy": 0.7766059443911792, "precision": 0.7975746268656716, "confusion matrix": [[855, 249], [217, 765]], "recall": 0.7744565217391305, "_runtime": 6, "_timestamp": 1627350965, "_step": 0}