{"accuracy": 0.7205177372962608, "precision": 0.818070818070818, "confusion matrix": [[670, 434], [149, 833]], "recall": 0.6068840579710145, "_runtime": 6, "_timestamp": 1627327902, "_step": 0}