{"accuracy": 0.7900287631831256, "precision": 0.8303571428571429, "confusion matrix": [[837, 267], [171, 811]], "recall": 0.7581521739130435, "_runtime": 7, "_timestamp": 1627328526, "_step": 0}