{"accuracy": 0.7186001917545541, "precision": 0.7259332023575639, "_runtime": 7, "_timestamp": 1626818095, "_step": 0}