{"accuracy": 0.7679769894534996, "precision": 0.7924528301886793, "confusion matrix": [[840, 264], [220, 762]], "recall": 0.7608695652173914, "_runtime": 12, "_timestamp": 1627347119, "_step": 0}