{"accuracy": 0.8024928092042186, "precision": 0.8174311926605504, "confusion matrix": [[891, 213], [199, 783]], "recall": 0.8070652173913043, "_runtime": 10, "_timestamp": 1627349442, "_step": 0}