{"accuracy": 0.7646212847555129, "precision": 0.8364434687156971, "confusion matrix": [[762, 342], [149, 833]], "recall": 0.6902173913043478, "_runtime": 12, "_timestamp": 1627349860, "_step": 0}