{"accuracy": 0.7929050814956855, "precision": 0.8294117647058824, "confusion matrix": [[846, 258], [174, 808]], "recall": 0.7663043478260869, "_runtime": 7, "_timestamp": 1627350413, "_step": 0}