{"accuracy": 0.7152444870565676, "precision": 0.7607361963190185, "confusion matrix": [[744, 360], [234, 748]], "recall": 0.6739130434782609, "_runtime": 5, "_timestamp": 1627348250, "_step": 0}