{"accuracy": 0.8111217641418984, "precision": 0.8387404580152672, "confusion matrix": [[879, 225], [169, 813]], "recall": 0.7961956521739131, "_runtime": 8, "_timestamp": 1627351986, "_step": 0}