{"accuracy": 0.7665388302972196, "precision": 0.8393839383938394, "confusion matrix": [[763, 341], [146, 836]], "recall": 0.6911231884057971, "_runtime": 12, "_timestamp": 1627350046, "_step": 0}