{"accuracy": 0.6898370086289549, "precision": 0.6377410468319559, "_runtime": 7, "_timestamp": 1626818023, "_step": 0}