{"accuracy": 0.7540747842761265, "precision": 0.7822410147991543, "_runtime": 6, "_timestamp": 1626817982, "_step": 0}