{"accuracy": 0.7670182166826462, "precision": 0.8366013071895425, "confusion matrix": [[768, 336], [150, 832]], "recall": 0.6956521739130435, "_runtime": 9, "_timestamp": 1627350031, "_step": 0}