{"accuracy": 0.799137104506232, "precision": 0.8145087235996327, "confusion matrix": [[887, 217], [202, 780]], "recall": 0.8034420289855072, "_runtime": 28, "_timestamp": 1627351397, "_step": 0}