{"accuracy": 0.7842761265580057, "precision": 0.8027777777777778, "confusion matrix": [[867, 237], [213, 769]], "recall": 0.7853260869565217, "_runtime": 7, "_timestamp": 1627348989, "_step": 0}