{"accuracy": 0.5613614573346117, "precision": 0.534957627118644, "_runtime": 7, "_timestamp": 1626817747, "_step": 0}