{"accuracy": 0.7933844678811122, "precision": 0.8165569143932268, "confusion matrix": [[868, 236], [195, 787]], "recall": 0.7862318840579711, "_runtime": 31, "_timestamp": 1627348522, "_step": 0}