{"accuracy": 0.7972195589645255, "precision": 0.8239771646051379, "confusion matrix": [[866, 238], [185, 797]], "recall": 0.7844202898550725, "_runtime": 13, "_timestamp": 1627348771, "_step": 0}