{"accuracy": 0.6720997123681688, "precision": 0.6672811059907834, "_runtime": 7, "_timestamp": 1626818470, "_step": 0}