{"accuracy": 0.800575263662512, "precision": 0.8208955223880597, "confusion matrix": [[880, 224], [192, 790]], "recall": 0.7971014492753623, "_runtime": 30, "_timestamp": 1627352291, "_step": 0}