{"accuracy": 0.7799616490891659, "precision": 0.7972350230414746, "confusion matrix": [[865, 239], [220, 762]], "recall": 0.7835144927536232, "_runtime": 37, "_timestamp": 1627351045, "_step": 0}