{"accuracy": 0.7948226270373921, "precision": 0.8212927756653993, "confusion matrix": [[864, 240], [188, 794]], "recall": 0.782608695652174, "_runtime": 12, "_timestamp": 1627348143, "_step": 0}