{"accuracy": 0.7823585810162992, "precision": 0.7981651376146789, "confusion matrix": [[870, 234], [220, 762]], "recall": 0.7880434782608695, "_runtime": 6, "_timestamp": 1627348166, "_step": 0}