{"accuracy": 0.7933844678811122, "precision": 0.815962441314554, "confusion matrix": [[869, 235], [196, 786]], "recall": 0.7871376811594203, "_runtime": 46, "_timestamp": 1627352596, "_step": 0}