{"accuracy": 0.7818791946308725, "precision": 0.7905102954341987, "confusion matrix": [[883, 221], [234, 748]], "recall": 0.7998188405797102, "_runtime": 6, "_timestamp": 1627351833, "_step": 0}