{"accuracy": 0.7933844678811122, "precision": 0.8368368368368369, "confusion matrix": [[836, 268], [163, 819]], "recall": 0.7572463768115942, "_runtime": 7, "_timestamp": 1627328239, "_step": 0}