{"accuracy": 0.7909875359539789, "precision": 0.8268101761252447, "confusion matrix": [[845, 259], [177, 805]], "recall": 0.7653985507246377, "_runtime": 13, "_timestamp": 1627350442, "_step": 0}