{"accuracy": 0.724352828379674, "precision": 0.76266137040715, "confusion matrix": [[768, 336], [239, 743]], "recall": 0.6956521739130435, "_runtime": 6, "_timestamp": 1627347970, "_step": 0}