{"accuracy": 0.7032598274209012, "precision": 0.6696990902729181, "confusion matrix": [[957, 147], [472, 510]], "recall": 0.8668478260869565, "_runtime": 8, "_timestamp": 1627333075, "_step": 0}