{"accuracy": 0.6720997123681688, "precision": 0.6672811059907834, "_runtime": 6, "_timestamp": 1626818375, "_step": 0}