{"accuracy": 0.7972195589645255, "precision": 0.8138248847926267, "confusion matrix": [[883, 221], [202, 780]], "recall": 0.7998188405797102, "_runtime": 50, "_timestamp": 1627351574, "_step": 0}