{"accuracy": 0.7114093959731543, "precision": 0.9530685920577617, "confusion matrix": [[528, 576], [26, 956]], "recall": 0.4782608695652174, "_runtime": 7, "_timestamp": 1627328127, "_step": 0}