{"accuracy": 0.8077660594439118, "precision": 0.833175355450237, "confusion matrix": [[879, 225], [176, 806]], "recall": 0.7961956521739131, "_runtime": 7, "_timestamp": 1627352632, "_step": 0}