{"accuracy": 0.7761265580057526, "precision": 0.7996237064910631, "confusion matrix": [[850, 254], [213, 769]], "recall": 0.769927536231884, "_runtime": 6, "_timestamp": 1627332950, "_step": 0}