{"accuracy": 0.7790028763183126, "precision": 0.7963133640552995, "confusion matrix": [[864, 240], [221, 761]], "recall": 0.782608695652174, "_runtime": 9, "_timestamp": 1627350780, "_step": 0}