{"accuracy": 0.7938638542665388, "precision": 0.8376753507014028, "confusion matrix": [[836, 268], [162, 820]], "recall": 0.7572463768115942, "_runtime": 6, "_timestamp": 1627328341, "_step": 0}