{"accuracy": 0.7190795781399808, "precision": 0.73502722323049, "confusion matrix": [[810, 294], [292, 690]], "recall": 0.7336956521739131, "_runtime": 6, "_timestamp": 1627349235, "_step": 0}