{"accuracy": 0.8000958772770853, "precision": 0.7868852459016393, "_runtime": 6, "_timestamp": 1626818885, "_step": 0}