{"accuracy": 0.5613614573346117, "precision": 0.534957627118644, "_runtime": 8, "_timestamp": 1626817736, "_step": 0}