{"accuracy": 0.7967401725790988, "precision": 0.8148148148148148, "confusion matrix": [[880, 224], [200, 782]], "recall": 0.7971014492753623, "_runtime": 10, "_timestamp": 1627348904, "_step": 0}