{"accuracy": 0.716203259827421, "precision": 0.7415094339622641, "confusion matrix": [[786, 318], [274, 708]], "recall": 0.7119565217391305, "_runtime": 6, "_timestamp": 1627352232, "_step": 0}