{"accuracy": 0.775647171620326, "precision": 0.7955390334572491, "confusion matrix": [[856, 248], [220, 762]], "recall": 0.7753623188405797, "_runtime": 6, "_timestamp": 1627350664, "_step": 0}