{"accuracy": 0.6898370086289549, "precision": 0.6377410468319559, "_runtime": 6, "_timestamp": 1626817928, "_step": 0}