{"accuracy": 0.7348993288590604, "precision": 0.8688085676037484, "confusion matrix": [[649, 455], [98, 884]], "recall": 0.5878623188405797, "_runtime": 6, "_timestamp": 1627349940, "_step": 0}