{"accuracy": 0.8000958772770853, "precision": 0.7868852459016393, "_runtime": 7, "_timestamp": 1626818788, "_step": 0}