{"accuracy": 0.7785234899328859, "precision": 0.8393234672304439, "confusion matrix": [[794, 310], [152, 830]], "recall": 0.7192028985507246, "_runtime": 6, "_timestamp": 1627347429, "_step": 0}