{"accuracy": 0.7540747842761265, "precision": 0.7816455696202531, "_runtime": 7, "_timestamp": 1626818054, "_step": 0}