{"accuracy": 0.6706615532118888, "precision": 0.6666666666666666, "_runtime": 7, "_timestamp": 1626818736, "_step": 0}