{"accuracy": 0.7636625119846596, "precision": 0.7857811038353602, "confusion matrix": [[840, 264], [229, 753]], "recall": 0.7608695652173914, "_runtime": 18, "_timestamp": 1627347351, "_step": 0}