{"accuracy": 0.6836049856184084, "precision": 0.8032786885245902, "confusion matrix": [[588, 516], [144, 838]], "recall": 0.532608695652174, "_runtime": 6, "_timestamp": 1627350526, "_step": 0}