{"accuracy": 0.6102588686481304, "precision": 0.6422287390029325, "confusion matrix": [[657, 447], [366, 616]], "recall": 0.595108695652174, "_runtime": 7, "_timestamp": 1627328721, "_step": 0}