{"accuracy": 0.7794822627037392, "precision": 0.7973657548125633, "_runtime": 6, "_timestamp": 1626818860, "_step": 0}