{"accuracy": 0.7694151486097794, "precision": 0.8268625393494229, "confusion matrix": [[788, 316], [165, 817]], "recall": 0.7137681159420289, "_runtime": 9, "_timestamp": 1627346887, "_step": 0}