{"accuracy": 0.7900287631831256, "precision": 0.8226744186046512, "confusion matrix": [[849, 255], [183, 799]], "recall": 0.7690217391304348, "_runtime": 6, "_timestamp": 1627351065, "_step": 0}