{"accuracy": 0.7933844678811122, "precision": 0.8276533592989289, "confusion matrix": [[850, 254], [177, 805]], "recall": 0.769927536231884, "_runtime": 11, "_timestamp": 1627347525, "_step": 0}