{"accuracy": 0.7876318312559923, "precision": 0.8068709377901578, "confusion matrix": [[869, 235], [208, 774]], "recall": 0.7871376811594203, "_runtime": 24, "_timestamp": 1627347742, "_step": 0}