{"accuracy": 0.7981783317353787, "precision": 0.8130155820348305, "confusion matrix": [[887, 217], [204, 778]], "recall": 0.8034420289855072, "_runtime": 29, "_timestamp": 1627351521, "_step": 0}