{"accuracy": 0.7574304889741131, "precision": 0.7573149741824441, "confusion matrix": [[880, 224], [282, 700]], "recall": 0.7971014492753623, "_runtime": 16, "_timestamp": 1627332889, "_step": 0}