{"accuracy": 0.7440076701821668, "precision": 0.760989010989011, "confusion matrix": [[831, 273], [261, 721]], "recall": 0.7527173913043478, "_runtime": 16, "_timestamp": 1627332749, "_step": 0}