{"accuracy": 0.7651006711409396, "precision": 0.8584298584298584, "_runtime": 7, "_timestamp": 1626818126, "_step": 0}