{"accuracy": 0.802013422818792, "precision": 0.8312559923298178, "confusion matrix": [[867, 237], [176, 806]], "recall": 0.7853260869565217, "_runtime": 10, "_timestamp": 1627347945, "_step": 0}