{"accuracy": 0.7785234899328859, "precision": 0.7950367647058824, "confusion matrix": [[865, 239], [223, 759]], "recall": 0.7835144927536232, "_runtime": 10, "_timestamp": 1627350881, "_step": 0}