{"accuracy": 0.7665388302972196, "precision": 0.7902163687676388, "confusion matrix": [[840, 264], [223, 759]], "recall": 0.7608695652173914, "_runtime": 9, "_timestamp": 1627350079, "_step": 0}