{"accuracy": 0.799137104506232, "precision": 0.8180129990714949, "confusion matrix": [[881, 223], [196, 786]], "recall": 0.7980072463768116, "_runtime": 54, "_timestamp": 1627352222, "_step": 0}