{"accuracy": 0.6395014381591563, "precision": 0.9782608695652174, "confusion matrix": [[360, 744], [8, 974]], "recall": 0.32608695652173914, "_runtime": 6, "_timestamp": 1627327932, "_step": 0}