{"accuracy": 0.7938638542665388, "precision": 0.7869767441860465, "_runtime": 7, "_timestamp": 1626818706, "_step": 0}