{"accuracy": 0.7780441035474592, "precision": 0.8405951115834219, "confusion matrix": [[791, 313], [150, 832]], "recall": 0.7164855072463768, "_runtime": 6, "_timestamp": 1627347371, "_step": 0}