{"accuracy": 0.7181208053691275, "precision": 0.7208854667949952, "_runtime": 7, "_timestamp": 1626817768, "_step": 0}