{"accuracy": 0.5316395014381592, "precision": 0.5173956262425448, "_runtime": 7, "_timestamp": 1626817611, "_step": 0}