{"accuracy": 0.7703739213806328, "precision": 0.7782724844167409, "confusion matrix": [[874, 230], [249, 733]], "recall": 0.7916666666666666, "_runtime": 6, "_timestamp": 1627332688, "_step": 0}