{"accuracy": 0.8063279002876318, "precision": 0.833969465648855, "confusion matrix": [[874, 230], [174, 808]], "recall": 0.7916666666666666, "_runtime": 13, "_timestamp": 1627349349, "_step": 0}