{"accuracy": 0.802013422818792, "precision": 0.8331726133076182, "confusion matrix": [[864, 240], [173, 809]], "recall": 0.782608695652174, "_runtime": 13, "_timestamp": 1627348023, "_step": 0}