{"accuracy": 0.7698945349952061, "precision": 0.8513513513513513, "confusion matrix": [[756, 348], [132, 850]], "recall": 0.6847826086956522, "_runtime": 7, "_timestamp": 1627349952, "_step": 0}