{"accuracy": 0.6898370086289549, "precision": 0.6379310344827587, "_runtime": 7, "_timestamp": 1626817939, "_step": 0}