{"accuracy": 0.7948226270373921, "precision": 0.8287937743190662, "confusion matrix": [[852, 252], [176, 806]], "recall": 0.7717391304347826, "_runtime": 12, "_timestamp": 1627347410, "_step": 0}