{"accuracy": 0.7526366251198466, "precision": 0.7692307692307693, "confusion matrix": [[840, 264], [252, 730]], "recall": 0.7608695652173914, "_runtime": 15, "_timestamp": 1627332828, "_step": 0}