{"accuracy": 0.8063279002876318, "precision": 0.8365384615384616, "confusion matrix": [[870, 234], [170, 812]], "recall": 0.7880434782608695, "_runtime": 7, "_timestamp": 1627351086, "_step": 0}