{"accuracy": 0.8058485139022051, "precision": 0.8306527909176916, "confusion matrix": [[878, 226], [179, 803]], "recall": 0.7952898550724637, "_runtime": 7, "_timestamp": 1627349319, "_step": 0}