{"accuracy": 0.775647171620326, "precision": 0.7839285714285714, "confusion matrix": [[878, 226], [242, 740]], "recall": 0.7952898550724637, "_runtime": 6, "_timestamp": 1627349525, "_step": 0}