{"accuracy": 0.5316395014381592, "precision": 0.5173956262425448, "_runtime": 6, "_timestamp": 1626817529, "_step": 0}