{"accuracy": 0.799137104506232, "precision": 0.8186046511627907, "confusion matrix": [[880, 224], [195, 787]], "recall": 0.7971014492753623, "_runtime": 55, "_timestamp": 1627353265, "_step": 0}