{"accuracy": 0.8053691275167785, "precision": 0.8362235067437379, "confusion matrix": [[868, 236], [170, 812]], "recall": 0.7862318840579711, "_runtime": 7, "_timestamp": 1627347994, "_step": 0}