{"accuracy": 0.5019175455417066, "precision": 0.5019175455417066, "_runtime": 7, "_timestamp": 1626817361, "_step": 0}