{"accuracy": 0.785234899328859, "precision": 0.8162618796198522, "_runtime": 6, "_timestamp": 1626818675, "_step": 0}