{"accuracy": 0.7905081495685522, "precision": 0.811391223155929, "confusion matrix": [[869, 235], [202, 780]], "recall": 0.7871376811594203, "_runtime": 11, "_timestamp": 1627351734, "_step": 0}