{"accuracy": 0.6754554170661553, "precision": 0.8107714701601164, "confusion matrix": [[557, 547], [130, 852]], "recall": 0.5045289855072463, "_runtime": 7, "_timestamp": 1627327543, "_step": 0}