{"accuracy": 0.7435282837967402, "precision": 0.7602927721866423, "confusion matrix": [[831, 273], [262, 720]], "recall": 0.7527173913043478, "_runtime": 16, "_timestamp": 1627332729, "_step": 0}