{"accuracy": 0.7660594439117929, "precision": 0.7967244701348748, "confusion matrix": [[827, 277], [211, 771]], "recall": 0.7490942028985508, "_runtime": 28, "_timestamp": 1627350381, "_step": 0}