{"accuracy": 0.7080536912751678, "precision": 0.7231740306582507, "confusion matrix": [[802, 302], [307, 675]], "recall": 0.7264492753623188, "_runtime": 6, "_timestamp": 1627351273, "_step": 0}