{"accuracy": 0.7607861936720998, "precision": 0.759656652360515, "confusion matrix": [[885, 219], [280, 702]], "recall": 0.8016304347826086, "_runtime": 6, "_timestamp": 1627332858, "_step": 0}