{"accuracy": 0.7411313518696069, "precision": 0.696652719665272, "confusion matrix": [[999, 105], [435, 547]], "recall": 0.904891304347826, "_runtime": 6, "_timestamp": 1627347829, "_step": 0}