{"accuracy": 0.8082454458293384, "precision": 0.8365200764818356, "confusion matrix": [[875, 229], [171, 811]], "recall": 0.792572463768116, "_runtime": 12, "_timestamp": 1627352787, "_step": 0}