{"accuracy": 0.7751677852348994, "precision": 0.8211111111111111, "_runtime": 7, "_timestamp": 1626818325, "_step": 0}