{"accuracy": 0.5071907957813998, "precision": 0.5045827303424988, "_runtime": 6, "_timestamp": 1626817435, "_step": 0}