{"accuracy": 0.7425695110258869, "precision": 0.7603305785123967, "confusion matrix": [[828, 276], [261, 721]], "recall": 0.75, "_runtime": 9, "_timestamp": 1627333331, "_step": 0}