{"accuracy": 0.5278044103547459, "precision": 0.5154075546719682, "_runtime": 7, "_timestamp": 1626817643, "_step": 0}