{"accuracy": 0.7976989453499521, "precision": 0.8247619047619048, "confusion matrix": [[866, 238], [184, 798]], "recall": 0.7844202898550725, "_runtime": 16, "_timestamp": 1627352875, "_step": 0}