{"accuracy": 0.7751677852348994, "precision": 0.7852650494159928, "confusion matrix": [[874, 230], [239, 743]], "recall": 0.7916666666666666, "_runtime": 6, "_timestamp": 1627332938, "_step": 0}