{"accuracy": 0.7334611697027804, "precision": 0.7442067736185384, "confusion matrix": [[835, 269], [287, 695]], "recall": 0.7563405797101449, "_runtime": 16, "_timestamp": 1627332569, "_step": 0}