{"accuracy": 0.7670182166826462, "precision": 0.8259493670886076, "confusion matrix": [[783, 321], [165, 817]], "recall": 0.7092391304347826, "_runtime": 12, "_timestamp": 1627346902, "_step": 0}