{"accuracy": 0.7329817833173538, "precision": 0.7479601087941976, "confusion matrix": [[825, 279], [278, 704]], "recall": 0.7472826086956522, "_runtime": 6, "_timestamp": 1627351134, "_step": 0}