{"accuracy": 0.7406519654841802, "precision": 0.7566089334548769, "confusion matrix": [[830, 274], [267, 715]], "recall": 0.7518115942028986, "_runtime": 8, "_timestamp": 1627333233, "_step": 0}