{"accuracy": 0.7962607861936721, "precision": 0.8134810710987996, "confusion matrix": [[881, 223], [202, 780]], "recall": 0.7980072463768116, "_runtime": 11, "_timestamp": 1627352127, "_step": 0}