{"accuracy": 0.6898370086289549, "precision": 0.638121546961326, "_runtime": 6, "_timestamp": 1626818043, "_step": 0}