{"accuracy": 0.7976989453499521, "precision": 0.8192883895131086, "confusion matrix": [[875, 229], [193, 789]], "recall": 0.792572463768116, "_runtime": 11, "_timestamp": 1627353172, "_step": 0}