{"accuracy": 0.7392138063279002, "precision": 0.6949860724233984, "confusion matrix": [[998, 106], [438, 544]], "recall": 0.9039855072463768, "_runtime": 6, "_timestamp": 1627347593, "_step": 0}