{"accuracy": 0.7046979865771812, "precision": 0.6922390722569135, "_runtime": 7, "_timestamp": 1626817581, "_step": 0}