{"accuracy": 0.7986577181208053, "precision": 0.8126142595978062, "confusion matrix": [[889, 215], [205, 777]], "recall": 0.8052536231884058, "_runtime": 10, "_timestamp": 1627351365, "_step": 0}