{"accuracy": 0.7186001917545541, "precision": 0.7259332023575639, "_runtime": 6, "_timestamp": 1626817992, "_step": 0}