{"accuracy": 0.5019175455417066, "precision": 0.5019175455417066, "_runtime": 6, "_timestamp": 1626817404, "_step": 0}