{"accuracy": 0.7885906040268457, "precision": 0.8221574344023324, "confusion matrix": [[846, 258], [183, 799]], "recall": 0.7663043478260869, "_runtime": 14, "_timestamp": 1627350579, "_step": 0}