{"accuracy": 0.7909875359539789, "precision": 0.8333333333333334, "confusion matrix": [[835, 269], [167, 815]], "recall": 0.7563405797101449, "_runtime": 7, "_timestamp": 1627350610, "_step": 0}