{"accuracy": 0.7919463087248322, "precision": 0.8101851851851852, "confusion matrix": [[875, 229], [205, 777]], "recall": 0.792572463768116, "_runtime": 6, "_timestamp": 1627349245, "_step": 0}