{"accuracy": 0.786673058485139, "precision": 0.8059424326833797, "confusion matrix": [[868, 236], [209, 773]], "recall": 0.7862318840579711, "_runtime": 23, "_timestamp": 1627347819, "_step": 0}