{"accuracy": 0.7948226270373921, "precision": 0.8158878504672897, "confusion matrix": [[873, 231], [197, 785]], "recall": 0.7907608695652174, "_runtime": 9, "_timestamp": 1627348370, "_step": 0}