{"accuracy": 0.7909875359539789, "precision": 0.8306930693069307, "confusion matrix": [[839, 265], [171, 811]], "recall": 0.759963768115942, "_runtime": 7, "_timestamp": 1627328516, "_step": 0}