{"accuracy": 0.7938638542665388, "precision": 0.7869767441860465, "_runtime": 6, "_timestamp": 1626818613, "_step": 0}