{"accuracy": 0.7818791946308725, "precision": 0.7974335472043996, "confusion matrix": [[870, 234], [221, 761]], "recall": 0.7880434782608695, "_runtime": 7, "_timestamp": 1627351601, "_step": 0}