{"accuracy": 0.8015340364333653, "precision": 0.8298279158699808, "confusion matrix": [[868, 236], [178, 804]], "recall": 0.7862318840579711, "_runtime": 11, "_timestamp": 1627351171, "_step": 0}