{"accuracy": 0.7938638542665388, "precision": 0.8284600389863548, "confusion matrix": [[850, 254], [176, 806]], "recall": 0.769927536231884, "_runtime": 11, "_timestamp": 1627347467, "_step": 0}