{"accuracy": 0.789549376797699, "precision": 0.8256611165523996, "confusion matrix": [[843, 261], [178, 804]], "recall": 0.7635869565217391, "_runtime": 10, "_timestamp": 1627350487, "_step": 0}