{"accuracy": 0.7526366251198466, "precision": 0.7712177121771218, "confusion matrix": [[836, 268], [248, 734]], "recall": 0.7572463768115942, "_runtime": 6, "_timestamp": 1627332779, "_step": 0}