{"accuracy": 0.7627037392138063, "precision": 0.7859154929577464, "confusion matrix": [[837, 267], [228, 754]], "recall": 0.7581521739130435, "_runtime": 6, "_timestamp": 1627347232, "_step": 0}