{"accuracy": 0.7900287631831256, "precision": 0.8245614035087719, "confusion matrix": [[846, 258], [180, 802]], "recall": 0.7663043478260869, "_runtime": 7, "_timestamp": 1627347440, "_step": 0}