{"accuracy": 0.7890699904122723, "precision": 0.8217054263565892, "confusion matrix": [[848, 256], [184, 798]], "recall": 0.7681159420289855, "_runtime": 7, "_timestamp": 1627347382, "_step": 0}