{"accuracy": 0.7914669223394055, "precision": 0.8282630029440629, "confusion matrix": [[844, 260], [175, 807]], "recall": 0.7644927536231884, "_runtime": 7, "_timestamp": 1627347497, "_step": 0}