{"accuracy": 0.7976989453499521, "precision": 0.8285163776493256, "confusion matrix": [[860, 244], [178, 804]], "recall": 0.7789855072463768, "_runtime": 12, "_timestamp": 1627352073, "_step": 0}