{"accuracy": 0.7665388302972196, "precision": 0.7902163687676388, "confusion matrix": [[840, 264], [223, 759]], "recall": 0.7608695652173914, "_runtime": 8, "_timestamp": 1627350245, "_step": 0}