{"accuracy": 0.8034515819750719, "precision": 0.8323754789272031, "confusion matrix": [[869, 235], [175, 807]], "recall": 0.7871376811594203, "_runtime": 13, "_timestamp": 1627348082, "_step": 0}